Campaign,Ad Group,Keyword,Match Type
Search - Generic,,bazarový,Phrase
Search - Info Content,,bazarový,Phrase
Search - Comparisons,,bazarový,Phrase
Search - Generic,,bazarové,Phrase
Search - Info Content,,bazarové,Phrase
Search - Comparisons,,bazarové,Phrase
Search - Generic,,bazarovy,Phrase
Search - Info Content,,bazarovy,Phrase
Search - Comparisons,,bazarovy,Phrase
Search - Generic,,bazarove,Phrase
Search - Info Content,,bazarove,Phrase
Search - Comparisons,,bazarove,Phrase
Search - Generic,,použitý,Phrase
Search - Info Content,,použitý,Phrase
Search - Comparisons,,použitý,Phrase
Search - Generic,,použité,Phrase
Search - Info Content,,použité,Phrase
Search - Comparisons,,použité,Phrase
Search - Generic,,pouzity,Phrase
Search - Info Content,,pouzity,Phrase
Search - Comparisons,,pouzity,Phrase
Search - Generic,,pouzite,Phrase
Search - Info Content,,pouzite,Phrase
Search - Comparisons,,pouzite,Phrase
Search - Generic,,starý,Phrase
Search - Info Content,,starý,Phrase
Search - Comparisons,,starý,Phrase
Search - Generic,,staré,Phrase
Search - Info Content,,staré,Phrase
Search - Comparisons,,staré,Phrase
Search - Generic,,stary,Phrase
Search - Info Content,,stary,Phrase
Search - Comparisons,,stary,Phrase
Search - Generic,,stare,Phrase
Search - Info Content,,stare,Phrase
Search - Comparisons,,stare,Phrase
Search - Generic,,ojetý,Phrase
Search - Info Content,,ojetý,Phrase
Search - Comparisons,,ojetý,Phrase
Search - Generic,,ojety,Phrase
Search - Info Content,,ojety,Phrase
Search - Comparisons,,ojety,Phrase
Search - Generic,,second hand,Phrase
Search - Info Content,,second hand,Phrase
Search - Comparisons,,second hand,Phrase
Search - Generic,,z druhé ruky,Phrase
Search - Info Content,,z druhé ruky,Phrase
Search - Comparisons,,z druhé ruky,Phrase
Search - Generic,,dřevěný,Phrase
Search - Info Content,,dřevěný,Phrase
Search - Comparisons,,dřevěný,Phrase
Search - Generic,,dreveny,Phrase
Search - Info Content,,dreveny,Phrase
Search - Comparisons,,dreveny,Phrase
Search - Generic,,dřevěné,Phrase
Search - Info Content,,dřevěné,Phrase
Search - Comparisons,,dřevěné,Phrase
Search - Generic,,drevene,Phrase
Search - Info Content,,drevene,Phrase
Search - Comparisons,,drevene,Phrase
Search - Generic,,plastový,Phrase
Search - Info Content,,plastový,Phrase
Search - Comparisons,,plastový,Phrase
Search - Generic,,plastovy,Phrase
Search - Info Content,,plastovy,Phrase
Search - Comparisons,,plastovy,Phrase
Search - Generic,,plastové,Phrase
Search - Info Content,,plastové,Phrase
Search - Comparisons,,plastové,Phrase
Search - Generic,,plastove,Phrase
Search - Info Content,,plastove,Phrase
Search - Comparisons,,plastove,Phrase
Search - Generic,,paletový,Phrase
Search - Info Content,,paletový,Phrase
Search - Comparisons,,paletový,Phrase
Search - Generic,,paletove,Phrase
Search - Info Content,,paletove,Phrase
Search - Comparisons,,paletove,Phrase
Search - Generic,,průjezdný,Phrase
Search - Info Content,,průjezdný,Phrase
Search - Comparisons,,průjezdný,Phrase
Search - Generic,,prujezdny,Phrase
Search - Info Content,,prujezdny,Phrase
Search - Comparisons,,prujezdny,Phrase
Search - Generic,,nástěnný,Phrase
Search - Info Content,,nástěnný,Phrase
Search - Comparisons,,nástěnný,Phrase
Search - Generic,,nastenny,Phrase
Search - Info Content,,nastenny,Phrase
Search - Comparisons,,nastenny,Phrase
Search - Generic,,závěsný,Phrase
Search - Info Content,,závěsný,Phrase
Search - Comparisons,,závěsný,Phrase
Search - Generic,,zavesny,Phrase
Search - Info Content,,zavesny,Phrase
Search - Comparisons,,zavesny,Phrase
Search - Generic,,ikea,Phrase
Search - Info Content,,ikea,Phrase
Search - Comparisons,,ikea,Phrase
Search - Generic,,knihovna,Phrase
Search - Info Content,,knihovna,Phrase
Search - Comparisons,,knihovna,Phrase
Search - Generic,,na boty,Phrase
Search - Info Content,,na boty,Phrase
Search - Comparisons,,na boty,Phrase
Search - Generic,,na víno,Phrase
Search - Info Content,,na víno,Phrase
Search - Comparisons,,na víno,Phrase
Search - Generic,,na květiny,Phrase
Search - Info Content,,na květiny,Phrase
Search - Comparisons,,na květiny,Phrase
Search - Generic,,do koupelny,Phrase
Search - Info Content,,do koupelny,Phrase
Search - Comparisons,,do koupelny,Phrase
